{"cameraMode":{"drawMode":0,"name":"Shaded","section":"Shading Mode"},"sceneLighting":true,"audioPlay":false,"sceneViewState":{"showFog":true,"showMaterialUpdate":false,"showSkybox":true,"showFlares":true,"showImageEffects":true,"showParticleSystems":true},"in2DMode":false,"pivot":{"x":0.025433659553527833,"y":3.3837890625,"z":-149.42543029785157},"rotation":{"x":-0.21890109777450562,"y":-0.24767550826072694,"z":0.05754229798913002,"w":-0.9420579671859741},"size":206.2137908935547,"orthographic":false}