{"cameraMode":{"drawMode":0,"name":"Shaded","section":"Shading Mode"},"sceneLighting":false,"audioPlay":false,"sceneViewState":{"showFog":true,"showMaterialUpdate":false,"showSkybox":true,"showFlares":true,"showImageEffects":true,"showParticleSystems":true},"in2DMode":false,"pivot":{"x":-2.966320514678955,"y":-2.4857265949249269,"z":-0.943198025226593},"rotation":{"x":-0.18734325468540193,"y":0.7623577117919922,"z":-0.25248122215270998,"w":-0.5657000541687012},"size":37.996883392333987,"orthographic":false}