{"cameraMode":{"drawMode":0,"name":"Shaded","section":"Shading Mode"},"sceneLighting":false,"audioPlay":false,"sceneViewState":{"showFog":true,"showMaterialUpdate":false,"showSkybox":true,"showFlares":true,"showImageEffects":true,"showParticleSystems":true},"in2DMode":false,"pivot":{"x":-1.2028857469558716,"y":2.37697696685791,"z":-145.8403778076172},"rotation":{"x":-0.1347333937883377,"y":0.04961899667978287,"z":-0.006847342010587454,"w":-0.9896738529205322},"size":5.981174945831299,"orthographic":false}