{"cameraMode":{"drawMode":0,"name":"Shaded","section":"Shading Mode"},"sceneLighting":false,"audioPlay":false,"sceneViewState":{"showFog":true,"showMaterialUpdate":false,"showSkybox":true,"showFlares":true,"showImageEffects":true,"showParticleSystems":true},"in2DMode":false,"pivot":{"x":12.720534324645996,"y":2.039120674133301,"z":-153.20693969726563},"rotation":{"x":-0.16235491633415223,"y":-0.16113203763961793,"z":0.026863761246204377,"w":-0.9731374979019165},"size":14.326333045959473,"orthographic":false}