{"cameraMode":{"drawMode":0,"name":"Shaded","section":"Shading Mode"},"sceneLighting":false,"audioPlay":false,"sceneViewState":{"showFog":true,"showMaterialUpdate":false,"showSkybox":true,"showFlares":true,"showImageEffects":true,"showParticleSystems":true},"in2DMode":false,"pivot":{"x":7.257686614990234,"y":-19.07632064819336,"z":0.8673041462898254},"rotation":{"x":-0.428501158952713,"y":-0.0711621642112732,"z":0.033894285559654239,"w":-0.9001079797744751},"size":62.22367858886719,"orthographic":false}