{"cameraMode":{"drawMode":0,"name":"Shaded","section":"Shading Mode"},"sceneLighting":false,"audioPlay":false,"sceneViewState":{"showFog":true,"showMaterialUpdate":false,"showSkybox":true,"showFlares":true,"showImageEffects":true,"showParticleSystems":true},"in2DMode":false,"pivot":{"x":2.7300000190734865,"y":3.059999942779541,"z":-149.4349822998047},"rotation":{"x":-0.16235491633415223,"y":-0.16113203763961793,"z":0.026863761246204377,"w":-0.9731374979019165},"size":16.552019119262697,"orthographic":false}