{"cameraMode":{"drawMode":0,"name":"Shaded","section":"Shading Mode"},"sceneLighting":false,"audioPlay":false,"sceneViewState":{"showFog":true,"showMaterialUpdate":false,"showSkybox":true,"showFlares":true,"showImageEffects":true,"showParticleSystems":true},"in2DMode":false,"pivot":{"x":-2.319167137145996,"y":-25.719898223876954,"z":19.268251419067384},"rotation":{"x":-0.32854244112968447,"y":-0.6275005340576172,"z":0.3305419087409973,"w":-0.6237506866455078},"size":216.1871795654297,"orthographic":false}