{"cameraMode":{"drawMode":0,"name":"Shaded","section":"Shading Mode"},"sceneLighting":false,"audioPlay":false,"sceneViewState":{"showFog":true,"showMaterialUpdate":false,"showSkybox":true,"showFlares":true,"showImageEffects":true,"showParticleSystems":true},"in2DMode":false,"pivot":{"x":5.548253059387207,"y":7.4809393882751469,"z":-109.46321868896485},"rotation":{"x":0.03329597786068916,"y":0.9668499827384949,"z":-0.1867230385541916,"w":0.17139476537704469},"size":16.112810134887697,"orthographic":false}