{"cameraMode":{"drawMode":0,"name":"Shaded","section":"Shading Mode"},"sceneLighting":false,"audioPlay":false,"sceneViewState":{"showFog":true,"showMaterialUpdate":false,"showSkybox":true,"showFlares":true,"showImageEffects":true,"showParticleSystems":true},"in2DMode":false,"pivot":{"x":-6.849999904632568,"y":5.980000019073486,"z":201.3000030517578},"rotation":{"x":0.078233502805233,"y":0.0003141304769087583,"z":0.000017724309145705774,"w":0.996985673904419},"size":2.8578836917877199,"orthographic":false}