{"cameraMode":{"drawMode":0,"name":"Shaded","section":"Shading Mode"},"sceneLighting":true,"audioPlay":false,"sceneViewState":{"showFog":true,"showMaterialUpdate":false,"showSkybox":true,"showFlares":true,"showImageEffects":true,"showParticleSystems":true},"in2DMode":false,"pivot":{"x":3.809999942779541,"y":0.5899999737739563,"z":-0.3000030517578125},"rotation":{"x":0.1792261302471161,"y":-0.1291077584028244,"z":0.02401132695376873,"w":0.9751013517379761},"size":631.34423828125,"orthographic":false}